<Page xmlns="http://schemas.nativescript.org/tns.xsd" navigatingTo="onNavigatingTo">
  <TabView selectedIndex="{{ selectedTab }}" class="h-full">
    <!-- Messages Tab -->
    <TabViewItem title="Messages">
      <GridLayout>
        <ListView items="{{ messages }}" class="list-group">
          <ListView.itemTemplate>
            <StackLayout class="list-group-item p-2">
              <Label text="{{ category }}" class="text-sm text-gray-600" />
              <Label text="{{ content }}" textWrap="true" class="text-base" />
              <Label text="{{ timestamp }}" class="text-xs text-gray-500" />
            </StackLayout>
          </ListView.itemTemplate>
        </ListView>
      </GridLayout>
    </TabViewItem>

    <!-- Calendar Tab -->
    <TabViewItem title="Calendar">
      <GridLayout>
        <Label text="Calendar View Coming Soon" class="text-center" />
      </GridLayout>
    </TabViewItem>

    <!-- Settings Tab -->
    <TabViewItem title="Settings">
      <ScrollView>
        <StackLayout class="p-4">
          <Label text="Notification Settings" class="text-xl font-bold mb-2" />
          <Switch checked="{{ notificationsEnabled }}" />
          
          <Label text="Message Categories" class="text-xl font-bold mt-4 mb-2" />
          <Repeater items="{{ categories }}">
            <Repeater.itemTemplate>
              <GridLayout columns="*, auto" class="mb-2">
                <Label text="{{ name }}" col="0" />
                <Switch checked="{{ enabled }}" col="1" />
              </GridLayout>
            </Repeater.itemTemplate>
          </Repeater>
        </StackLayout>
      </ScrollView>
    </TabViewItem>
  </TabView>
</Page>